name;class
0.jpg;3
1.jpg;1
10.jpg;1
100.jpg;2
101.jpg;2
102.jpg;3
103.jpg;1
104.jpg;3
105.jpg;3
106.jpg;1
107.jpg;2
108.jpg;2
109.jpg;1
11.jpg;3
110.jpg;1
111.jpg;1
112.jpg;2
113.jpg;2
114.jpg;1
115.jpg;2
117.jpg;1
118.jpg;1
119.jpg;2
12.jpg;2
120.jpg;1
121.jpg;2
122.jpg;3
123.jpg;2
124.jpg;2
125.jpg;3
126.jpg;2
127.jpg;2
128.jpg;2
129.jpg;3
13.jpg;1
130.jpg;3
131.jpg;3
132.jpg;1
133.jpg;3
134.jpg;2
136.jpg;2
137.jpg;1
138.jpg;3
139.jpg;2
14.jpg;2
140.jpg;3
141.jpg;1
142.jpg;3
143.jpg;2
144.jpg;3
145.jpg;3
146.jpg;1
147.jpg;2
148.jpg;2
149.jpg;2
15.jpg;1
150.jpg;3
151.jpg;3
152.jpg;2
153.jpg;1
155.jpg;3
156.jpg;2
157.jpg;2
158.jpg;2
159.jpg;1
16.jpg;2
160.jpg;1
161.jpg;1
162.jpg;2
163.jpg;3
164.jpg;1
165.jpg;1
166.jpg;2
167.jpg;2
168.jpg;2
169.jpg;2
17.jpg;3
170.jpg;1
171.jpg;1
172.jpg;3
174.jpg;2
175.jpg;2
176.jpg;1
177.jpg;1
178.jpg;1
179.jpg;2
18.jpg;1
180.jpg;3
181.jpg;1
182.jpg;2
183.jpg;1
184.jpg;1
185.jpg;2
186.jpg;3
187.jpg;1
188.jpg;2
189.jpg;2
19.jpg;3
190.jpg;2
191.jpg;2
116.jpg;3
135.jpg;3
154.jpg;1
173.jpg;1
192.jpg;1
210.jpg;1
23.jpg;3
249.jpg;1
268.jpg;3
287.jpg;1
305.jpg;2
324.jpg;2
343.jpg;3
362.jpg;3
381.jpg;2
40.jpg;2
419.jpg;2
438.jpg;2
457.jpg;3
476.jpg;2
495.jpg;1
513.jpg;3
532.jpg;1
551.jpg;2
570.jpg;1
59.jpg;2
73.jpg;3
193.jpg;2
194.jpg;1
195.jpg;1
196.jpg;1
197.jpg;2
198.jpg;2
199.jpg;1
2.jpg;3
20.jpg;2
200.jpg;2
201.jpg;1
202.jpg;3
203.jpg;2
204.jpg;3
205.jpg;1
206.jpg;1
207.jpg;3
208.jpg;3
209.jpg;2
21.jpg;1
211.jpg;2
212.jpg;1
213.jpg;3
214.jpg;2
215.jpg;3
216.jpg;2
217.jpg;1
218.jpg;3
219.jpg;3
22.jpg;2
220.jpg;3
221.jpg;3
222.jpg;2
223.jpg;3
224.jpg;1
225.jpg;3
226.jpg;3
227.jpg;3
228.jpg;2
229.jpg;2
230.jpg;3
231.jpg;3
232.jpg;1
233.jpg;2
234.jpg;2
235.jpg;3
236.jpg;1
237.jpg;1
238.jpg;3
239.jpg;1
24.jpg;1
240.jpg;2
241.jpg;2
242.jpg;2
243.jpg;1
244.jpg;3
245.jpg;2
246.jpg;3
247.jpg;1
248.jpg;1
25.jpg;2
250.jpg;2
251.jpg;3
252.jpg;3
253.jpg;3
254.jpg;3
255.jpg;2
256.jpg;1
257.jpg;1
258.jpg;3
259.jpg;2
26.jpg;1
260.jpg;1
261.jpg;1
262.jpg;2
263.jpg;3
264.jpg;2
265.jpg;2
266.jpg;1
267.jpg;1
269.jpg;2
27.jpg;1
270.jpg;2
271.jpg;1
272.jpg;3
273.jpg;2
274.jpg;1
275.jpg;3
276.jpg;3
277.jpg;1
278.jpg;1
279.jpg;2
28.jpg;2
280.jpg;2
281.jpg;2
282.jpg;2
283.jpg;3
284.jpg;1
285.jpg;1
286.jpg;2
288.jpg;2
289.jpg;1
29.jpg;2
290.jpg;1
291.jpg;2
292.jpg;2
293.jpg;3
294.jpg;1
295.jpg;1
296.jpg;3
297.jpg;1
298.jpg;1
299.jpg;3
3.jpg;3
30.jpg;3
300.jpg;3
301.jpg;2
302.jpg;2
303.jpg;2
304.jpg;2
306.jpg;3
307.jpg;3
308.jpg;2
309.jpg;2
31.jpg;2
310.jpg;3
311.jpg;1
312.jpg;3
313.jpg;3
314.jpg;1
315.jpg;1
316.jpg;2
317.jpg;1
318.jpg;3
319.jpg;2
32.jpg;2
320.jpg;3
321.jpg;1
322.jpg;2
323.jpg;3
325.jpg;3
326.jpg;1
327.jpg;1
328.jpg;3
329.jpg;1
33.jpg;3
330.jpg;3
331.jpg;3
332.jpg;3
333.jpg;2
334.jpg;3
335.jpg;2
336.jpg;3
337.jpg;3
338.jpg;1
339.jpg;2
34.jpg;3
340.jpg;3
341.jpg;2
342.jpg;3
344.jpg;3
345.jpg;3
346.jpg;2
347.jpg;1
348.jpg;1
349.jpg;1
35.jpg;1
350.jpg;3
351.jpg;1
352.jpg;1
353.jpg;1
354.jpg;3
355.jpg;1
356.jpg;3
357.jpg;2
358.jpg;2
359.jpg;1
36.jpg;2
360.jpg;3
361.jpg;2
363.jpg;1
364.jpg;3
365.jpg;3
366.jpg;2
367.jpg;2
368.jpg;2
369.jpg;2
37.jpg;2
370.jpg;2
371.jpg;1
372.jpg;1
373.jpg;1
374.jpg;3
375.jpg;1
376.jpg;3
377.jpg;3
378.jpg;2
379.jpg;2
38.jpg;3
380.jpg;3
382.jpg;1
383.jpg;3
384.jpg;2
385.jpg;3
386.jpg;2
387.jpg;1
388.jpg;3
389.jpg;3
39.jpg;2
390.jpg;1
391.jpg;3
392.jpg;3
393.jpg;3
394.jpg;2
395.jpg;2
396.jpg;3
397.jpg;2
398.jpg;3
399.jpg;1
4.jpg;1
400.jpg;3
401.jpg;2
402.jpg;1
403.jpg;3
404.jpg;2
405.jpg;2
406.jpg;3
407.jpg;3
408.jpg;2
409.jpg;1
41.jpg;3
410.jpg;2
411.jpg;2
412.jpg;3
413.jpg;2
414.jpg;2
415.jpg;3
416.jpg;2
417.jpg;3
418.jpg;2
42.jpg;1
420.jpg;1
421.jpg;3
422.jpg;3
423.jpg;2
424.jpg;2
425.jpg;2
426.jpg;2
427.jpg;2
428.jpg;3
429.jpg;1
43.jpg;2
430.jpg;1
431.jpg;1
432.jpg;1
433.jpg;1
434.jpg;3
435.jpg;3
436.jpg;2
437.jpg;3
439.jpg;3
44.jpg;2
440.jpg;3
441.jpg;3
442.jpg;3
443.jpg;2
444.jpg;3
445.jpg;3
446.jpg;3
447.jpg;2
448.jpg;1
449.jpg;1
45.jpg;3
450.jpg;2
451.jpg;3
452.jpg;1
453.jpg;2
454.jpg;1
455.jpg;2
456.jpg;3
458.jpg;1
459.jpg;3
46.jpg;2
460.jpg;2
461.jpg;2
462.jpg;3
463.jpg;3
464.jpg;2
465.jpg;3
466.jpg;1
467.jpg;2
468.jpg;2
469.jpg;1
47.jpg;3
470.jpg;1
471.jpg;1
472.jpg;3
473.jpg;1
474.jpg;1
475.jpg;3
477.jpg;3
478.jpg;3
479.jpg;2
48.jpg;1
480.jpg;3
481.jpg;3
482.jpg;2
483.jpg;1
484.jpg;3
485.jpg;1
486.jpg;1
487.jpg;2
488.jpg;1
489.jpg;1
49.jpg;2
490.jpg;1
491.jpg;2
492.jpg;2
493.jpg;1
494.jpg;1
496.jpg;1
497.jpg;1
498.jpg;3
499.jpg;1
5.jpg;2
50.jpg;1
500.jpg;3
501.jpg;3
502.jpg;1
503.jpg;1
504.jpg;1
505.jpg;2
506.jpg;3
507.jpg;1
508.jpg;1
509.jpg;1
51.jpg;1
510.jpg;1
511.jpg;2
512.jpg;3
514.jpg;1
515.jpg;1
516.jpg;1
517.jpg;1
518.jpg;3
519.jpg;2
52.jpg;3
520.jpg;2
521.jpg;1
522.jpg;1
523.jpg;1
524.jpg;3
525.jpg;1
526.jpg;3
527.jpg;3
528.jpg;2
529.jpg;3
53.jpg;3
530.jpg;3
531.jpg;2
533.jpg;2
534.jpg;3
535.jpg;3
536.jpg;2
537.jpg;1
538.jpg;2
539.jpg;3
54.jpg;3
540.jpg;1
541.jpg;1
542.jpg;3
543.jpg;1
544.jpg;1
545.jpg;1
546.jpg;3
547.jpg;1
548.jpg;2
549.jpg;1
55.jpg;3
550.jpg;3
552.jpg;3
553.jpg;2
554.jpg;2
555.jpg;2
556.jpg;2
557.jpg;1
558.jpg;2
559.jpg;2
56.jpg;3
560.jpg;2
561.jpg;1
562.jpg;3
563.jpg;2
564.jpg;3
565.jpg;3
566.jpg;1
567.jpg;1
568.jpg;1
569.jpg;1
57.jpg;1
571.jpg;3
572.jpg;1
573.jpg;3
574.jpg;1
575.jpg;1
576.jpg;3
577.jpg;2
578.jpg;2
579.jpg;2
58.jpg;3
580.jpg;3
581.jpg;3
582.jpg;2
583.jpg;3
584.jpg;3
585.jpg;2
586.jpg;3
587.jpg;3
588.jpg;3
589.jpg;3
590.jpg;1
591.jpg;2
592.jpg;3
593.jpg;2
594.jpg;1
6.jpg;3
60.jpg;2
61.jpg;3
62.jpg;2
63.jpg;1
64.jpg;1
65.jpg;1
66.jpg;2
67.jpg;3
68.jpg;2
69.jpg;3
7.jpg;2
70.jpg;1
71.jpg;1
72.jpg;3
74.jpg;2
75.jpg;2
76.jpg;1
77.jpg;2
78.jpg;1
79.jpg;2
8.jpg;2
80.jpg;3
81.jpg;1
82.jpg;1
83.jpg;1
84.jpg;1
85.jpg;3
86.jpg;3
87.jpg;2
88.jpg;3
89.jpg;3
9.jpg;1
90.jpg;2
91.jpg;3
92.jpg;2
93.jpg;2
94.jpg;1
95.jpg;2
96.jpg;2
97.jpg;3
98.jpg;2
99.jpg;1
